method,auroc,ap
Original,0.4705882352941176,0.14521554935183584
S2DD-Levenshtein (calibrated),0.5380392156862746,0.20313451249468242
S2DD-BLOSUM (calibrated),0.5898039215686274,0.2922184607478725
