auroc,ap,f1,n
0.9177059905949703,0.5729902815882226,0.0,505
