auroc,ap,f1,n
0.729939393939394,0.4349244006731988,0.4090909090909091,283
