mean_val,n,aucroc,ap,f1
-1.0127154635273938,214,0.8587155963302753,0.8830931755543678,0.7534883720930232
-0.3086178982745039,214,0.854341736694678,0.8730046791821955,0.7537688442211056
-0.1480593625068557,214,0.798997185080929,0.8441979701627318,0.7373271889400922
-0.11274291899960075,214,0.782164381168661,0.8198533778574877,0.6796116504854369
-0.0649210833288124,214,0.8088042623809939,0.8420787139703452,0.7264150943396226
0.010220751634889908,214,0.6703508771929824,0.690156947937097,0.5591397849462365
0.08409999024941255,214,0.8201923076923077,0.8753367295066621,0.7383177570093458
0.16915485437095293,216,0.8313893653516296,0.8703307498558309,0.7487684729064039
