mean_val,n,aucroc,ap,f1
0.07232362931903621,214,0.8705563804699101,0.8959477416504846,0.7592592592592593
0.1441306140064188,214,0.8566561844863732,0.890761136523733,0.7641509433962265
0.3873865125230652,214,0.811408106219427,0.8400644230560192,0.7272727272727273
0.529753976784049,214,0.7784959385099136,0.8135401575001534,0.6995073891625616
0.5718897400535508,214,0.824875534981221,0.8652043890224989,0.7425742574257426
0.6036428236217175,214,0.8073025856044724,0.8400908431316381,0.7184466019417476
0.6286185954715656,214,0.7313067784765898,0.7865930666662013,0.6310679611650486
0.6690176335523778,216,0.7576303155006858,0.7987663173629017,0.6666666666666666
