mean_val,n,aucroc,ap,f1
-3.9730631405020223,214,0.928727399772906,0.9421116107416745,0.8275862068965517
-3.3395866567476973,214,0.8308149183334789,0.8647103373719163,0.7272727272727273
-2.878685120392612,214,0.8046117564852826,0.8291237125962123,0.7010309278350515
-2.72534603917015,214,0.7869682941741637,0.8222004777677329,0.6995073891625616
-2.666550671368532,214,0.793344396890558,0.8386203644804379,0.7010309278350515
-2.633948811438259,214,0.7860761705101328,0.8252816492951732,0.6976744186046512
-2.602932240527704,214,0.7487770789657583,0.8025723440257699,0.6534653465346535
-2.555054472688095,216,0.7836934156378601,0.8178339772487073,0.6896551724137931
