bin,mean_dist,n_samples,aucroc,ap,f1
0,-3.6836878109715623,214,0.8443513898788311,0.8947829873603581,0.7862595419847328
1,-2.5296932051500787,214,0.8254551820728292,0.8746916705537477,0.7641509433962265
2,-1.8662355710230338,214,0.8274807826694619,0.8582165646530487,0.7087378640776699
3,-1.2954134181062988,214,0.7971498944405349,0.7930670031094197,0.6774193548387096
4,-0.7179541960825214,214,0.8044467787114845,0.8575823445367372,0.7009345794392523
5,-0.27025855352732436,214,0.7006464011180992,0.745708103736089,0.6217616580310881
6,0.012199623501028711,214,0.8179219154828911,0.8340183964339403,0.7111111111111111
7,0.1456118902692484,216,0.8025548696844993,0.8370102309192566,0.7135678391959799
