test_set,metric,before,after,delta
blactam_loo,aucroc,0.9177059905949703,0.3497410209227833,-0.5679649696721869
blactam_loo,ap,0.5729902815882226,0.11730416713834674,-0.4556861144498759
blactam_loo,f1,0.0,0.056338028169014086,0.056338028169014086
