test_set,metric,before,after,delta
main_halfsplit,aucroc,0.7706461275139067,0.8258451005562686,0.055198973042361876
main_halfsplit,ap,0.4743908495143912,0.4700486850778773,-0.004342164436513918
main_halfsplit,f1,0.38461538461538464,0.08695652173913043,-0.2976588628762542
