metric,actual,predicted,abs_error,source
aucroc,0.9177059905949703,0.8651258193129324,0.052580171282037846,
ap,0.5729902815882226,0.47894154879665873,0.0940487327915639,
f1,0.0,0.0,0.0,
aucroc,0.7706461275139067,0.6914259737875479,0.07922015372635882,within_main_halfsplit
ap,0.4743908495143912,0.4372011437012317,0.0371897058131595,within_main_halfsplit
f1,0.38461538461538464,0.4561300031216035,0.07151461850621887,within_main_halfsplit
